Res1,Res2,Freq,NumFrames,,TotalFrames:,4400
34x57,34x53,0.00022727,1
5x63,5x62,0.00272727,12
E170:V168:K213:K177,4x64,0.00113636,5
23x49,23x50,0.00022727,1
R171:R169:R214:R178,F182:F180:F225:F189,0.00068182,3
5x67,5x62,0.93113636,4097
3x50,5x58,0.09636364,424
R171:R169:R214:R178,4x66,0.06636364,292
R171:R169:R214:R178,4x64,0.01272727,56
R171:R169:R214:R178,45x51,0.00113636,5
8x55,8x54,0.00022727,1
23x49,2x63,0.00022727,1
5x63,5x59,0.52363636,2304
7x31,45x51,0.32795455,1443
23x49,45x51,0.00022727,1
5x60,3x51,0.04863636,214
1x58,2x41,0.00045455,2
5x60,5x59,0.25636364,1128
3x56,34x53,0.20659091,909
E170:V168:K213:K177,45x51,0.00227273,10
4x41,34x53,0.00090909,4
7x31,7x34,0.08545455,376
1x58,1x57,0.04522727,199
12x51,1x57,0.06477273,285
3x50,7x53,0.43568182,1917
7x31,2x63,0.01886364,83
