Res1,Res2,Freq,NumFrames,,TotalFrames:,4400
5x47,6x44,0.01045455,46
8x50,8x54,0.00090909,4
4x67,4x64,0.00863636,38
4x67,4x66,0.00818182,36
5x41,6x60,0.00022727,1
5x47,6x48,0.24136364,1062
3x28,2x63,0.00113636,5
3x52,34x53,0.54000000,2376
4x54,4x50,0.00181818,8
5x47,5x48,0.00409091,18
2x60,3x28,0.00045455,2
4x63,4x66,0.00136364,6
4x63,4x67,0.02159091,95
7x34,7x38,0.06636364,292
45x51,7x34,0.00431818,19
2x60,2x63,0.02409091,106
23x50,3x28,0.05863636,258
45x51,2x63,0.00045455,2
1x57,2x41,0.00295455,13
2x60,7x39,0.00409091,18
2x60,7x38,0.24204545,1065
6x51,7x38,0.00636364,28
4x57,3x33,0.07227273,318
F182:F180:F225:F189,4x64,0.02636364,116
6x48,6x51,0.00068182,3
45x51,7x38,0.00181818,8
5x59,5x62,0.13681818,602
F182:F180:F225:F189,4x57,0.00318182,14
5x41,5x48,0.00113636,5
2x42,2x41,0.00818182,36
3x52,3x51,0.02909091,128
F182:F180:F225:F189,3x33,0.00181818,8
7x38,7x42,0.01000000,44
1x34,1x30,0.05431818,239
3x28,7x38,0.00045455,2
23x50,2x63,0.00886364,39
2x60,7x42,0.00250000,11
6x44,6x48,0.01613636,71
3x48,3x52,0.03295455,145
1x34,1x37,0.00295455,13
7x34,6x51,0.03681818,162
