Res1,Res2,Freq,NumFrames,,TotalFrames:,4400
6x30,6x31,0.20318182,894
5x64,5x63,0.08727273,384
5x60,5x64,0.74136364,3262
3x26,E170:V168:K213:K177,0.27840909,1225
5x36,E170:V168:K213:K177,0.08931818,393
6x30,5x67,1.00000000,4400
R171:R169:R214:R178,5x36,0.22045455,970
R171:R169:R214:R178,3x26,0.32909091,1448
Q177:E175:E220:Q184,7x31,0.41954545,1846
5x66,6x29,1.00000000,4400
34x57,3x49,0.04681818,206
R171:R169:R214:R178,Q177:E175:E220:Q184,0.00045455,2
23x49,Q177:E175:E220:Q184,0.30522727,1343
