Res1,Res2,Freq,NumFrames,,TotalFrames:,4400
7x38,7x42,0.00590909,26
5x47,6x44,0.01522727,67
45x51,7x34,0.00363636,16
4x67,4x64,0.00931818,41
4x67,4x66,0.01977273,87
5x41,6x60,0.01272727,56
F182:F180:F225:F189,4x57,0.00113636,5
3x28,2x63,0.01681818,74
3x52,34x53,0.00727273,32
4x63,4x66,0.00022727,1
4x63,4x67,0.00022727,1
7x34,7x38,0.00386364,17
2x60,2x63,0.01863636,82
1x57,2x41,0.01227273,54
2x60,7x39,0.00090909,4
2x60,7x38,0.01159091,51
6x51,7x38,0.01113636,49
4x57,3x33,0.13431818,591
F182:F180:F225:F189,4x64,0.14818182,652
6x48,6x51,0.02250000,99
45x51,7x38,0.00068182,3
1x34,1x30,0.00090909,4
5x59,5x62,0.00022727,1
5x47,6x48,0.00090909,4
2x42,2x41,0.10886364,479
3x52,3x51,0.03159091,139
F182:F180:F225:F189,3x33,0.00045455,2
5x47,5x48,0.13681818,602
7x34,6x51,0.01318182,58
23x50,2x63,0.02477273,109
2x60,7x42,0.00454545,20
6x44,6x48,0.01727273,76
3x48,3x52,0.00727273,32
23x50,3x28,0.00659091,29
