Res1,Res2,Freq,NumFrames,,TotalFrames:,4300
1x58,2x44,0.06418605,276
34x57,34x53,0.47813953,2056
8x55,8x54,0.00348837,15
5x60,5x59,0.61162791,2630
3x56,3x52,0.26069767,1121
3x56,3x51,0.00302326,13
3x50,34x53,0.00046512,2
1x58,2x41,0.00953488,41
34x57,2x42,0.00720930,31
5x66,5x59,0.00023256,1
3x56,34x53,0.06511628,280
5x63,5x59,0.48395349,2081
8x51,8x54,0.00093023,4
5x60,3x51,0.34255814,1473
12x49,8x50,0.00627907,27
34x56,34x53,0.00046512,2
