Res1,Res2,Freq,NumFrames,,TotalFrames:,4300
5x47,6x44,0.00162791,7
6x51,7x42,0.00023256,1
8x50,7x53,0.29116279,1252
5x41,6x60,0.00209302,9
2x44,2x41,0.00465116,20
L183:F181:L226:L190,3x33,0.01581395,68
7x39,2x60,0.01000000,43
5x47,6x48,0.06953488,299
3x52,34x53,0.01697674,73
4x54,4x50,0.00069767,3
7x38,2x60,0.21558140,927
2x60,2x63,0.00023256,1
5x47,4x57,0.00348837,15
4x63,4x66,0.00534884,23
7x34,7x38,0.06604651,284
8x50,8x54,0.01930233,83
3x52,3x51,0.01697674,73
F182:F180:F225:F189,L183:F181:L226:L190,0.03813953,164
L183:F181:L226:L190,45x51,0.00023256,1
6x44,6x48,0.08488372,365
7x42,2x60,0.00837209,36
6x51,7x38,0.08883721,382
4x57,3x33,0.10418605,448
F182:F180:F225:F189,4x64,0.05232558,225
5x47,5x48,0.00069767,3
L183:F181:L226:L190,7x34,0.00255814,11
3x33,7x38,0.00209302,9
F182:F180:F225:F189,4x57,0.00209302,9
5x41,5x48,0.00046512,2
2x42,2x41,0.00255814,11
F182:F180:F225:F189,3x33,0.00162791,7
7x38,7x42,0.05627907,242
7x34,6x51,0.06790698,292
3x28,7x38,0.00209302,9
1x30,1x34,0.09279070,399
3x48,3x52,0.09488372,408
23x50,3x28,0.20697674,890
7x39,7x38,0.00046512,2
