Res1,Res2,Freq,NumFrames,,TotalFrames:,4300
6x35,6x30,0.27441860,1180
6x30,6x32,0.02953488,127
6x30,6x31,0.00023256,1
6x30,12x49,0.00023256,1
34x57,6x30,0.40441860,1739
6x30,5x66,0.03348837,144
3x50,6x30,0.43162791,1856
5x68,6x30,0.04255814,183
R171:R169:R214:R178,A175:D173:P218:D182,0.01116279,48
6x29,6x30,0.30720930,1321
34x57,3x49,0.86232558,3708
R171:R169:R214:R178,3x26,0.99674419,4286
3x50,3x49,0.88348837,3799
