Res1,Res2,Freq,NumFrames,,TotalFrames:,4300
6x48,5x48,0.00232558,10
5x47,6x44,0.00255814,11
8x50,7x53,0.00209302,9
5x41,6x60,0.00209302,9
L183:F181:L226:L190,3x33,0.01930233,83
7x39,2x60,0.01372093,59
5x47,6x48,0.00348837,15
3x52,34x53,0.00069767,3
7x38,2x60,0.02581395,111
2x60,2x63,0.00023256,1
7x34,7x38,0.01558140,67
3x52,3x51,0.02651163,114
3x48,3x51,0.00023256,1
F182:F180:F225:F189,L183:F181:L226:L190,0.04767442,205
7x39,7x42,0.00604651,26
L183:F181:L226:L190,45x51,0.00046512,2
1x30,1x34,0.00232558,10
7x42,2x60,0.00186047,8
6x51,7x38,0.05441860,234
4x57,3x33,0.11116279,478
F182:F180:F225:F189,4x64,0.04627907,199
6x48,6x51,0.00534884,23
7x38,7x42,0.07813953,336
L183:F181:L226:L190,7x34,0.01162791,50
45x51,7x38,0.00069767,3
F182:F180:F225:F189,3x33,0.00162791,7
5x47,5x48,0.16511628,710
23x50,2x63,0.00209302,9
6x44,6x48,0.00767442,33
3x48,3x52,0.00023256,1
5x47,3x33,0.00023256,1
7x34,6x51,0.02046512,88
