Res1,Res2,Freq,NumFrames,,TotalFrames:,11200
34x57,34x53,0.04080357,457
5x63,5x62,0.19526786,2187
E170:V168:K213:K177,4x64,0.00250000,28
5x60,5x59,0.23946429,2682
5x67,5x62,0.03241071,363
8x51,8x54,0.00732143,82
3x50,5x58,0.01473214,165
R171:R169:R214:R178,4x66,0.00223214,25
R171:R169:R214:R178,4x64,0.00008929,1
8x55,8x54,0.02535714,284
34x57,2x42,0.01500000,168
12x48,2x41,0.00071429,8
4x40,2x41,0.00017857,2
5x63,5x59,0.41785714,4680
7x31,45x51,0.03857143,432
5x60,3x51,0.03812500,427
4x41,3x52,0.01910714,214
1x58,2x41,0.00017857,2
23x49,2x63,0.00750000,84
12x51,2x41,0.00232143,26
3x56,34x53,0.10678571,1196
7x31,2x63,0.03330357,373
7x31,7x38,0.00017857,2
34x54,34x53,0.00026786,3
4x41,34x53,0.00294643,33
3x56,3x48,0.00151786,17
7x31,7x34,0.03107143,348
E170:V168:K213:K177,4x66,0.00017857,2
3x50,5x62,0.00107143,12
34x56,34x53,0.01482143,166
34x54,3x52,0.00035714,4
1x58,1x57,0.00544643,61
12x48,1x57,0.00044643,5
3x56,3x52,0.56830357,6365
12x51,1x57,0.42169643,4723
3x50,2x42,0.00035714,4
3x56,3x51,0.30151786,3377
34x57,3x52,0.01473214,165
