Res1,Res2,Freq,NumFrames,,TotalFrames:,11200
6x51,7x38,0.03419643,383
5x59,5x58,0.00223214,25
8x50,8x54,0.00901786,101
4x67,4x64,0.00285714,32
4x67,4x66,0.01714286,192
5x41,6x60,0.00053571,6
F182:F180:F225:F189,4x57,0.00008929,1
3x28,2x63,0.00562500,63
2x63,7x38,0.00008929,1
3x52,34x53,0.00366071,41
5x58,5x62,0.05973214,669
1x57,7x53,0.00125000,14
2x60,2x63,0.01705357,191
5x47,5x48,0.00437500,49
2x60,3x28,0.00089286,10
4x63,4x66,0.00151786,17
4x63,4x67,0.01660714,186
7x34,7x38,0.02285714,256
45x51,7x34,0.00107143,12
3x52,3x51,0.00901786,101
23x50,3x28,0.40857143,4576
1x57,2x41,0.01535714,172
2x60,7x39,0.04339286,486
2x60,7x38,0.05901786,661
3x48,3x51,0.00035714,4
8x50,7x53,0.20830357,2333
4x57,3x33,0.00348214,39
F182:F180:F225:F189,4x64,0.00651786,73
45x51,7x38,0.00035714,4
5x59,5x62,0.02142857,240
5x47,6x48,0.02785714,312
1x37,1x30,0.00008929,1
2x42,2x41,0.01116071,125
7x38,7x42,0.02875000,322
4x54,4x50,0.00696429,78
3x28,7x38,0.00223214,25
2x60,7x42,0.01187500,133
8x50,1x57,0.00348214,39
6x44,6x48,0.00758929,85
3x48,3x52,0.07008929,785
1x34,1x37,0.00375000,42
7x34,6x51,0.06446429,722
1x34,1x30,0.03678571,412
7x39,7x38,0.00008929,1
