Res1,Res2,Freq,NumFrames,,TotalFrames:,11200
5x64,5x67,0.39062500,4375
5x66,5x63,0.26160714,2930
5x60,5x66,0.00312500,35
5x64,5x63,0.01383929,155
3x56,3x49,0.00589286,66
5x66,5x67,0.03142857,352
5x60,5x64,0.61392857,6876
5x36,E170:V168:K213:K177,0.00767857,86
4x41,3x49,0.02607143,292
Q177:E175:E220:Q184,7x31,0.69080357,7737
3x56,5x64,0.00017857,2
34x57,3x49,0.98428571,11024
3x50,5x66,0.03767857,422
R171:R169:R214:R178,3x26,0.99062500,11095
34x54,3x49,0.00008929,1
3x50,3x49,0.30071429,3368
23x49,Q177:E175:E220:Q184,0.03758929,421
34x54,5x66,0.23625000,2646
34x54,5x64,0.00169643,19
