Res1,Res2,Freq,NumFrames,,TotalFrames:,11200
6x51,7x38,0.01678571,188
5x47,6x44,0.00241071,27
5x59,5x58,0.01875000,210
5x59,5x62,0.00964286,108
4x67,4x64,0.00026786,3
4x67,4x66,0.05107143,572
5x41,6x60,0.00607143,68
5x47,6x48,0.00062500,7
8x50,1x57,0.02035714,228
3x52,34x53,0.00151786,17
1x57,7x53,0.00214286,24
2x60,2x63,0.00428571,48
4x63,4x66,0.00008929,1
7x34,7x38,0.00178571,20
45x51,7x34,0.00142857,16
8x50,8x54,0.03830357,429
3x52,3x51,0.02357143,264
23x50,3x28,0.00044643,5
1x57,2x41,0.01196429,134
2x60,7x39,0.00446429,50
2x60,7x38,0.01223214,137
3x48,3x51,0.00080357,9
8x50,7x53,0.00196429,22
4x57,3x33,0.16026786,1795
F182:F180:F225:F189,4x64,0.00205357,23
5x47,5x48,0.23276786,2607
2x42,2x41,0.00071429,8
7x38,7x42,0.00964286,108
7x39,7x42,0.00455357,51
23x50,2x63,0.00258929,29
2x60,7x42,0.00410714,46
3x28,2x63,0.00017857,2
6x44,6x48,0.35464286,3972
1x34,1x37,0.00008929,1
7x34,6x51,0.07080357,793
1x34,1x30,0.00142857,16
