ResPair,M1_Active_Ach,M1_Active_Apo,M1_Inactive_Apo,M1_Inactive_Tio,M2_Active_Apo,M2_Active_Ixo,M2_Inactive_Apo,M2_Inactive_Tio,M3_Active_ACh,M3_Active_Apo,M3_Inactive_Apo,M3_Inactive_Tio,M4_Active_ACh,M4_Active_Apo,M4_Inactive_Apo,M4_Inactive_Tio
5x67_5x62,0.00000000,0.00000000,0.00000000,0.00000000,0.00000000,0.00000000,0.00000000,0.00000000,0.93113636,0.07409091,0.00350877,0.03241071,0.00000000,0.00000000,0.00000000,0.00000000
5x63_5x59,0.35086957,0.40441860,0.40259259,0.40767790,0.43558140,0.48558140,0.48395349,0.65102804,0.52363636,0.44840909,0.48807018,0.41785714,0.00000000,0.00000000,0.00000000,0.00000000
12x51_1x57,0.59630435,0.61255814,0.20744444,0.30101124,0.00000000,0.00000000,0.00000000,0.00000000,0.06477273,0.18250000,0.49473684,0.42169643,0.00000000,0.00000000,0.00000000,0.00000000
2x66_23x49,0.00000000,0.00000000,0.00000000,0.00000000,0.00000000,0.00000000,0.00000000,0.00000000,0.00000000,0.00000000,0.00000000,0.00000000,0.21018868,0.58272727,0.35111524,0.47353383
3x56_3x52,0.42826087,0.16441860,0.42581481,0.66423221,0.07604651,0.03279070,0.26069767,0.24280374,0.00000000,0.00022727,0.73947368,0.56830357,0.18000000,0.04272727,0.23985130,0.33357143
34x57_34x53,0.49195652,0.50674419,0.45470370,0.57666667,0.83162791,0.89255814,0.47813953,0.80308411,0.00022727,0.00000000,0.12614035,0.04080357,0.36830189,0.15103896,0.70368030,0.54360902
5x60_5x59,0.27434783,0.23488372,0.27825926,0.35333333,0.26023256,0.36976744,0.61162791,0.61504673,0.25636364,0.24545455,0.24385965,0.23946429,0.00000000,0.00000000,0.00000000,0.00000000
