ResPair,M1_Active_Ach,M1_Active_Apo,M1_Inactive_Apo,M1_Inactive_Tio,M2_Active_Apo,M2_Active_Ixo,M2_Inactive_Apo,M2_Inactive_Tio,M3_Active_ACh,M3_Active_Apo,M3_Inactive_Apo,M3_Inactive_Tio,M4_Active_ACh,M4_Active_Apo,M4_Inactive_Apo,M4_Inactive_Tio
3x28_23x50,0.23543478,0.17581395,0.19325926,0.11573034,0.00000000,0.00000000,0.00000000,0.00000000,0.00000000,0.00000000,0.00000000,0.00000000,0.54603774,0.92077922,0.28252788,0.68672932
3x52_34x53,0.06282609,0.09441860,0.02000000,0.03059925,0.05348837,0.05372093,0.01697674,0.04000000,0.54000000,0.78318182,0.00578947,0.00366071,0.04830189,0.04376623,0.01338290,0.00184211
