Res1,Res2,Freq,NumFrames,,TotalFrames:,26700
34x57,34x53,0.57666667,15397
5x63,5x62,0.29078652,7764
34x57,6x25,0.11932584,3186
6x35,5x58,0.00041199,11
6x31,6x25,0.00374532,100
5x68,5x59,0.00003745,1
6x32,1x57,0.00007491,2
23x49,23x50,0.01449438,387
R171:R169:R214:R178,F182:F180:F225:F189,0.00014981,4
5x68,6x25,0.00846442,226
34x54,34x53,0.00011236,3
3x50,6x25,0.00007491,2
3x50,5x58,0.00247191,66
R171:R169:R214:R178,4x66,0.01617978,432
R171:R169:R214:R178,4x64,0.01074906,287
R171:R169:R214:R178,45x51,0.02344569,626
K20:P17:H63:H24,2x63,0.00067416,18
8x55,8x54,0.00576779,154
K439:N461:D564:N474,W437:Y459:Q562:Y472,0.06475655,1729
8x55,W437:Y459:Q562:Y472,0.02011236,537
23x49,2x63,0.00164794,44
34x57,2x42,0.00235955,63
4x40,2x41,0.00232210,62
5x63,5x59,0.40767790,10885
34x54,6x25,0.27943820,7461
34x56,3x52,0.00101124,27
5x60,3x51,0.03790262,1012
4x41,3x52,0.00007491,2
12x51,6x25,0.00456929,122
1x58,2x41,0.00022472,6
1x58,W437:Y459:Q562:Y472,0.01490637,398
6x32,8x50,0.00011236,3
5x60,5x59,0.35333333,9434
12x51,W437:Y459:Q562:Y472,0.00116105,31
6x35,5x62,0.00104869,28
12x51,2x41,0.00164794,44
3x56,34x53,0.06198502,1655
R436:H458:C561:Q471,W437:Y459:Q562:Y472,0.00475655,127
8x48,W437:Y459:Q562:Y472,0.00011236,3
K392:A414:D518:Q427,45x51,0.00086142,23
5x68,5x62,0.02887640,771
4x41,34x53,0.00029963,8
6x32,6x25,0.00003745,1
6x31,5x62,0.00007491,2
1x58,1x57,0.00602996,161
K392:A414:D518:Q427,7x34,0.00232210,62
3x56,3x52,0.66423221,17735
12x51,1x57,0.30101124,8037
3x50,34x53,0.00213483,57
5x68,3x51,0.00026217,7
6x29,6x25,0.01483146,396
3x56,3x51,0.28621723,7642
8x51,W437:Y459:Q562:Y472,0.00250936,67
