Res1,Res2,Freq,NumFrames,,TotalFrames:,26700
7x38,7x42,0.00074906,20
5x47,6x44,0.00037453,10
8x50,7x53,0.25722846,6868
5x41,6x60,0.00157303,42
7x39,2x60,0.03029963,809
F182:F180:F225:F189,4x57,0.00007491,2
3x28,2x60,0.00029963,8
8x50,1x57,0.00063670,17
3x52,3x51,0.01202247,321
5x58,5x62,0.03265918,872
3x28,23x50,0.11573034,3090
4x54,4x50,0.00011236,3
7x38,2x60,0.16677903,4453
4x63,F182:F180:F225:F189,0.00003745,1
4x63,4x64,0.01161049,310
4x63,4x66,0.00614232,164
7x34,7x38,0.02434457,650
8x50,8x54,0.02363296,631
2x60,2x63,0.01471910,393
1x57,7x53,0.00026217,7
7x34,45x51,0.00074906,20
5x47,6x51,0.01359551,363
1x57,2x41,0.01951311,521
F182:F180:F225:F189,45x51,0.00018727,5
3x28,7x42,0.00048689,13
7x42,2x60,0.01606742,429
6x51,7x38,0.01052434,281
4x57,3x33,0.06389513,1706
F182:F180:F225:F189,4x64,0.07943820,2121
45x51,7x38,0.00142322,38
5x59,5x62,0.03082397,823
5x47,6x48,0.08528090,2277
5x41,5x48,0.00074906,20
2x42,2x41,0.00194757,52
5x47,5x48,0.03265918,872
7x34,6x51,0.14078652,3759
3x28,7x38,0.00003745,1
23x50,2x63,0.23662921,6318
23x50,2x60,0.00018727,5
3x28,2x63,0.00026217,7
6x44,6x48,0.03760300,1004
3x48,3x52,0.12123596,3237
1x34,1x30,0.04981273,1330
3x52,34x53,0.03059925,817
