Res1,Res2,Freq,NumFrames,,TotalFrames:,26700
5x63,5x66,0.35820225,9564
5x63,5x64,0.00112360,30
5x60,5x66,0.00029963,8
8x52,8x48,0.74835206,19981
5x60,5x64,0.50262172,13420
12x49,12x51,0.00292135,78
12x49,K439:N461:D564:N474,0.03524345,941
6x30,6x29,0.00415730,111
4x41,3x49,0.00003745,1
7x31,K392:A414:D518:Q427,0.00134831,36
D438:K460:C563:R473,12x51,0.00217228,58
3x50,3x49,0.97850187,26126
8x51,8x52,0.09602996,2564
8x55,D438:K460:C563:R473,0.17711610,4729
8x55,8x52,0.70584270,18846
8x51,D438:K460:C563:R473,0.00715356,191
R171:R169:R214:R178,E170:V168:K213:K177,0.00044944,12
D393:P415:S519:S428,K392:A414:D518:Q427,0.39902622,10654
34x57,6x30,0.88097378,23522
12x49,8x48,0.00737828,197
R436:H458:C561:Q471,D438:K460:C563:R473,0.32827715,8765
34x57,3x49,0.12981273,3466
7x35,K20:P17:H63:H24,0.06868914,1834
12x49,6x32,0.06419476,1714
12x49,6x31,0.00056180,15
5x68,5x64,0.57558052,15368
6x35,5x66,0.08142322,2174
3x50,6x30,0.98936330,26416
5x68,6x30,0.00666667,178
D438:K460:C563:R473,K439:N461:D564:N474,0.10868914,2902
7x31,K20:P17:H63:H24,0.00329588,88
R171:R169:R214:R178,3x26,0.99026217,26440
8x52,K439:N461:D564:N474,0.03535581,944
D438:K460:C563:R473,1x58,0.00340824,91
3x56,5x64,0.00097378,26
5x68,5x66,0.17644195,4711
12x49,6x29,0.48591760,12974
D438:K460:C563:R473,8x48,0.01509363,403
34x54,6x30,0.12812734,3421
5x66,6x31,0.11730337,3132
34x54,5x66,0.08389513,2240
