Res1,Res2,Freq,NumFrames,,TotalFrames:,4300
R171:R169:R214:R178,45x51,0.00209302,9
1x58,2x41,0.00581395,25
34x57,34x53,0.83162791,3576
8x55,8x54,0.00744186,32
1x58,2x44,0.13697674,589
3x56,3x52,0.07604651,327
5x60,5x59,0.26023256,1119
1x28,45x51,0.00023256,1
3x56,34x53,0.00023256,1
5x63,5x59,0.43558140,1873
1x28,2x63,0.00465116,20
1x28,23x49,0.00023256,1
8x51,8x54,0.00116279,5
5x60,3x51,0.35906977,1544
3x50,5x58,0.00069767,3
1x28,1x30,0.00139535,6
3x50,7x53,0.12162791,523
