Res1,Res2,Freq,NumFrames,,TotalFrames:,4300
5x47,6x44,0.00186047,8
8x50,8x54,0.02186047,94
5x41,6x60,0.00279070,12
2x44,2x41,0.00209302,9
7x39,2x60,0.03627907,156
F182:F180:F225:F189,4x57,0.00674419,29
7x34,6x51,0.03651163,157
3x52,34x53,0.05348837,230
7x38,2x60,0.13093023,563
2x60,2x63,0.00302326,13
4x63,4x66,0.00534884,23
7x34,7x38,0.04186047,180
3x52,3x51,0.01558140,67
7x34,45x51,0.00906977,39
45x51,2x63,0.00023256,1
3x48,3x51,0.00744186,32
F182:F180:F225:F189,L183:F181:L226:L190,0.01883721,81
7x39,7x42,0.00023256,1
L183:F181:L226:L190,45x51,0.00604651,26
1x30,1x34,0.10651163,458
7x42,2x60,0.00488372,21
6x51,7x38,0.12093023,520
4x57,3x33,0.16418605,706
F182:F180:F225:F189,4x64,0.01255814,54
5x47,5x48,0.03023256,130
L183:F181:L226:L190,7x34,0.00116279,5
45x51,7x38,0.00023256,1
3x33,7x38,0.00767442,33
5x47,6x48,0.01325581,57
5x41,5x48,0.00209302,9
2x42,2x41,0.02348837,101
F182:F180:F225:F189,3x33,0.00302326,13
7x38,7x42,0.02511628,108
7x39,7x38,0.00348837,15
4x54,4x50,0.00069767,3
3x28,7x38,0.00023256,1
3x28,2x63,0.00069767,3
6x44,6x48,0.17093023,735
3x48,3x52,0.06139535,264
23x50,3x28,0.39255814,1688
6x51,7x42,0.00023256,1
