Res1,Res2,Freq,NumFrames,,TotalFrames:,4300
1x31,1x28,0.72604651,3122
Q177:E175:E220:Q184,1x28,0.04953488,213
6x30,5x66,1.00000000,4300
R171:R169:R214:R178,L174:E172:P217:P181,0.00023256,1
R171:R169:R214:R178,A175:D173:P218:D182,0.00093023,4
34x57,3x49,0.81674419,3512
R171:R169:R214:R178,3x26,0.99279070,4269
L174:E172:P217:P181,1x28,0.00418605,18
