Res1,Res2,Freq,NumFrames,,TotalFrames:,4300
5x47,6x44,0.00395349,17
5x41,6x60,0.00023256,1
L183:F181:L226:L190,3x33,0.00534884,23
7x39,2x60,0.00860465,37
F182:F180:F225:F189,4x57,0.00023256,1
3x28,2x63,0.00651163,28
3x52,34x53,0.00046512,2
7x38,2x60,0.07348837,316
4x63,4x66,0.00116279,5
7x34,7x38,0.00279070,12
3x52,3x51,0.04906977,211
7x34,45x51,0.00093023,4
F182:F180:F225:F189,L183:F181:L226:L190,0.03627907,156
7x39,7x42,0.00232558,10
L183:F181:L226:L190,45x51,0.00488372,21
6x44,6x48,0.00046512,2
7x42,2x60,0.00023256,1
6x51,7x38,0.08186047,352
4x57,3x33,0.06581395,283
F182:F180:F225:F189,4x64,0.03674419,158
6x48,6x51,0.00069767,3
5x47,5x48,0.15860465,682
L183:F181:L226:L190,7x34,0.01093023,47
5x47,6x48,0.00930233,40
F182:F180:F225:F189,3x33,0.00255814,11
7x38,7x42,0.05162791,222
23x50,2x63,0.00348837,15
1x30,1x34,0.00093023,4
3x48,3x52,0.02232558,96
7x34,6x51,0.06209302,267
