Res1,Res2,Freq,NumFrames,,TotalFrames:,5300
3x50,8x50,0.00018868,1
1x58,2x41,0.00509434,27
34x57,34x53,0.36830189,1952
8x55,8x54,0.02830189,150
1x58,2x44,0.20075472,1064
6x35,6x38,0.00698113,37
12x48,2x44,0.00075472,4
3x56,3x51,0.01169811,62
3x50,34x53,0.01207547,64
12x48,2x41,0.00169811,9
3x56,34x53,0.00622642,33
34x56,3x52,0.00396226,21
34x56,34x53,0.00075472,4
3x56,3x52,0.18000000,954
8x51,8x54,0.00075472,4
5x60,3x51,0.27849057,1476
2x66,23x49,0.21018868,1114
3x50,5x58,0.00226415,12
6x31,6x38,0.00037736,2
3x50,7x53,0.09377358,497
