Res1,Res2,Freq,NumFrames,,TotalFrames:,5300
6x38,5x58,0.00037736,2
6x51,7x38,0.00075472,4
5x47,6x44,0.00490566,26
8x50,8x54,0.00377358,20
5x41,6x60,0.00056604,3
2x44,2x41,0.00113208,6
7x39,2x60,0.00962264,51
F182:F180:F225:F189,4x57,0.00018868,1
3x28,2x60,0.00056604,3
3x28,2x63,0.01358491,72
3x52,34x53,0.04830189,256
3x28,23x50,0.54603774,2894
7x38,2x60,0.30094340,1595
7x38,2x63,0.00018868,1
5x58,7x53,0.00037736,2
4x63,4x66,0.00245283,13
7x34,7x38,0.29603774,1569
2x60,2x63,0.03000000,159
2x42,2x41,0.01245283,66
7x38,7x42,0.01773585,94
7x42,2x60,0.00754717,40
45x51,7x34,0.01188679,63
4x57,3x33,0.13792453,731
F182:F180:F225:F189,4x64,0.00037736,2
45x51,7x38,0.00037736,2
5x47,6x48,0.19641509,1041
5x41,5x48,0.00075472,4
45x51,2x63,0.00018868,1
3x52,3x51,0.01113208,59
5x47,5x48,0.01000000,53
4x54,4x50,0.00415094,22
3x28,7x38,0.00320755,17
6x44,6x48,0.01037736,55
3x48,3x52,0.06528302,346
