Res1,Res2,Freq,NumFrames,,TotalFrames:,5300
6x35,6x30,0.00566038,30
6x30,6x32,0.50830189,2694
3x50,3x49,0.11943396,633
6x31,6x30,0.01679245,89
3x50,6x30,0.00094340,5
R171:R169:R214:R178,3x26,0.00037736,2
R171:R169:R214:R178,A175:D173:P218:D182,0.13528302,717
6x29,6x30,0.12169811,645
34x57,3x49,0.01830189,97
1x28,2x66,0.00528302,28
6x30,8x51,0.00150943,8
5x66,6x30,0.09150943,485
