Res1,Res2,Freq,NumFrames,,TotalFrames:,5300
7x39,2x60,0.01509434,80
45x51,7x34,0.02905660,154
5x47,5x48,0.13622642,722
5x47,6x44,0.00811321,43
F182:F180:F225:F189,4x64,0.00132075,7
4x63,4x66,0.00056604,3
6x51,7x38,0.01754717,93
6x48,6x51,0.00075472,4
6x44,6x48,0.00566038,30
4x57,3x33,0.01641509,87
2x60,2x63,0.00301887,16
7x34,6x51,0.00566038,30
23x50,2x63,0.00018868,1
3x28,2x63,0.00018868,1
3x52,34x53,0.00075472,4
3x48,3x52,0.00018868,1
7x38,2x60,0.00056604,3
7x39,7x42,0.00226415,12
3x52,3x51,0.01566038,83
