Res1,Res2,Freq,NumFrames,,TotalFrames:,7700
R171:R169:R214:R178,45x51,0.01597403,123
1x58,2x41,0.00064935,5
34x57,34x53,0.15103896,1163
8x55,8x54,0.00675325,52
1x58,2x44,0.16064935,1237
6x35,6x38,0.02025974,156
3x56,3x52,0.04272727,329
3x56,3x51,0.00311688,24
34x57,2x42,0.00025974,2
3x56,34x53,0.00935065,72
R171:R169:R214:R178,4x66,0.00025974,2
34x56,3x52,0.00298701,23
8x51,8x54,0.00038961,3
5x60,3x51,0.10259740,790
2x66,23x49,0.58272727,4487
3x50,5x58,0.01077922,83
6x31,6x38,0.00337662,26
3x50,7x53,0.28363636,2184
