Res1,Res2,Freq,NumFrames,,TotalFrames:,7700
6x35,6x30,0.00116883,9
6x30,6x32,0.14272727,1099
A175:D173:P218:D182,E170:V168:K213:K177,0.10818182,833
6x31,6x30,0.01766234,136
1x28,2x66,0.00532468,41
R171:R169:R214:R178,A175:D173:P218:D182,0.04064935,313
6x29,6x30,0.02831169,218
34x57,3x49,0.99636364,7672
R171:R169:R214:R178,3x26,0.98909091,7616
5x66,6x30,0.52636364,4053
