Res1,Res2,Freq,NumFrames,,TotalFrames:,7700
5x47,6x44,0.01454545,112
45x51,7x34,0.03857143,297
7x39,2x60,0.00090909,7
3x28,2x63,0.01064935,82
3x52,3x51,0.04467532,344
3x28,23x50,0.00012987,1
7x38,2x60,0.03948052,304
4x63,4x66,0.00038961,3
7x34,7x38,0.00038961,3
2x60,2x63,0.00077922,6
7x39,7x42,0.00415584,32
7x42,2x60,0.00051948,4
6x51,7x38,0.02480519,191
4x57,3x33,0.18090909,1393
F182:F180:F225:F189,4x64,0.01688312,130
6x48,6x51,0.00519481,40
7x38,7x42,0.10441558,804
45x51,7x38,0.00025974,2
2x42,2x41,0.00012987,1
F182:F180:F225:F189,3x33,0.01584416,122
5x47,5x48,0.13441558,1035
23x50,2x63,0.00012987,1
6x44,6x48,0.00129870,10
3x48,3x52,0.00207792,16
7x34,6x51,0.03896104,300
3x52,34x53,0.00129870,10
