Res1,Res2,Freq,NumFrames,,TotalFrames:,5700
34x57,34x53,0.12614035,719
5x63,5x62,0.21842105,1245
E170:V168:K213:K177,4x64,0.00666667,38
E170:V168:K213:K177,4x66,0.00087719,5
8x51,8x54,0.00017544,1
5x67,5x62,0.00350877,20
3x50,5x58,0.01596491,91
R171:R169:R214:R178,4x66,0.05298246,302
7x31,45x51,0.06473684,369
R171:R169:R214:R178,45x51,0.00035088,2
3x56,3x48,0.00070175,4
5x60,5x59,0.24385965,1390
12x48,2x41,0.00052632,3
5x63,5x59,0.48807018,2782
5x60,3x51,0.07473684,426
1x58,2x41,0.00228070,13
23x49,2x63,0.00807018,46
34x57,2x42,0.02263158,129
12x51,2x41,0.00298246,17
3x56,34x53,0.26543860,1513
7x31,2x63,0.08087719,461
7x31,7x38,0.00035088,2
4x41,34x53,0.00491228,28
8x55,8x54,0.03087719,176
7x31,7x34,0.02649123,151
3x50,5x62,0.00052632,3
34x56,34x53,0.00491228,28
1x58,1x57,0.00280702,16
3x56,3x52,0.73947368,4215
12x51,1x57,0.49473684,2820
3x50,2x42,0.00368421,21
3x56,3x51,0.25456140,1451
34x57,3x52,0.00280702,16
