Res1,Res2,Freq,NumFrames,,TotalFrames:,5700
6x51,7x38,0.03807018,217
5x47,6x44,0.00228070,13
5x59,5x58,0.00052632,3
8x50,8x54,0.04368421,249
4x67,4x64,0.00350877,20
4x67,4x66,0.02666667,152
5x41,6x60,0.00035088,2
5x47,6x48,0.05684211,324
3x28,2x63,0.00614035,35
2x63,7x38,0.00017544,1
3x52,34x53,0.00578947,33
5x58,5x62,0.07421053,423
1x57,7x53,0.00017544,1
2x60,2x63,0.05210526,297
5x47,5x48,0.00070175,4
2x60,3x28,0.00157895,9
4x63,4x66,0.00140351,8
4x63,4x67,0.05105263,291
7x34,7x38,0.14649123,835
45x51,7x34,0.00087719,5
3x52,3x51,0.01508772,86
23x50,3x28,0.36701754,2092
1x57,2x41,0.01508772,86
2x60,7x39,0.05578947,318
2x60,7x38,0.00578947,33
3x48,3x51,0.00035088,2
8x50,7x53,0.32368421,1845
4x57,3x33,0.05105263,291
F182:F180:F225:F189,4x64,0.00701754,40
45x51,7x38,0.00719298,41
3x33,7x38,0.00350877,20
5x59,5x62,0.02087719,119
5x41,5x48,0.00070175,4
2x42,2x41,0.00561404,32
7x38,7x42,0.06315789,360
3x48,34x53,0.00035088,2
4x54,4x50,0.00035088,2
3x28,7x38,0.00035088,2
23x50,2x63,0.00035088,2
2x60,7x42,0.01087719,62
8x50,1x57,0.00719298,41
6x44,6x48,0.01456140,83
3x48,3x52,0.08192982,467
4x54,4x63,0.00017544,1
1x34,1x37,0.00315789,18
7x34,6x51,0.01192982,68
1x34,1x30,0.07228070,412
