Res1,Res2,Freq,NumFrames,,TotalFrames:,5700
5x64,5x67,0.53315789,3039
5x66,5x63,0.29157895,1662
5x64,5x63,0.02280702,130
3x56,3x49,0.00017544,1
5x66,5x67,0.01192982,68
5x60,5x64,0.52087719,2969
5x36,E170:V168:K213:K177,0.01964912,112
4x41,3x49,0.01157895,66
5x66,12x51,0.00087719,5
Q177:E175:E220:Q184,7x31,0.79263158,4518
34x57,3x49,0.99526316,5673
3x50,5x66,0.00228070,13
R171:R169:R214:R178,3x26,1.00000000,5700
3x50,3x49,0.53543860,3052
23x49,Q177:E175:E220:Q184,0.02771930,158
34x54,5x66,0.30912281,1762
