Res1,Res2,Freq,NumFrames,,TotalFrames:,5700
6x51,7x38,0.01087719,62
5x47,6x44,0.00912281,52
5x59,5x58,0.00350877,20
8x50,8x54,0.00631579,36
4x67,4x64,0.00210526,12
4x67,4x66,0.07666667,437
5x41,6x60,0.00052632,3
5x47,6x48,0.00017544,1
8x50,1x57,0.01666667,95
3x52,34x53,0.00912281,52
1x57,7x53,0.00192982,11
2x60,2x63,0.00210526,12
4x63,4x66,0.00035088,2
4x63,4x67,0.00175439,10
7x34,7x38,0.00052632,3
45x51,7x34,0.00631579,36
3x52,3x51,0.02017544,115
1x57,2x41,0.01315789,75
2x60,7x39,0.02508772,143
7x39,7x42,0.00140351,8
8x50,7x53,0.00385965,22
5x59,5x62,0.00614035,35
4x57,3x33,0.10263158,585
F182:F180:F225:F189,4x64,0.00736842,42
2x60,7x38,0.00263158,15
6x48,6x51,0.00280702,16
5x47,5x48,0.26192982,1493
1x34,1x30,0.00017544,1
F182:F180:F225:F189,3x33,0.00052632,3
7x38,7x42,0.05280702,301
6x48,7x38,0.00017544,1
23x50,3x28,0.00052632,3
23x50,2x63,0.00298246,17
2x60,7x42,0.00859649,49
6x44,6x48,0.00421053,24
3x48,3x52,0.00192982,11
7x34,6x51,0.01000000,57
