Res1,Res2,Freq,NumFrames,,TotalFrames:,4300
34x57,34x53,0.50674419,2179
5x63,5x62,0.33534884,1442
3x50,5x58,0.00465116,20
R171:R169:R214:R178,4x66,0.01232558,53
R171:R169:R214:R178,4x64,0.07558140,325
R171:R169:R214:R178,45x51,0.00325581,14
5x60,5x59,0.23488372,1010
4x40,2x41,0.00209302,9
5x63,5x59,0.40441860,1739
5x60,3x51,0.11790698,507
4x41,3x52,0.00511628,22
K392:A414:D518:Q427,6x60,0.00186047,8
34x57,2x42,0.01883721,81
3x56,34x53,0.01348837,58
K392:A414:D518:Q427,45x51,0.00279070,12
4x41,34x53,0.00186047,8
6x31,5x62,0.01116279,48
1x58,1x57,0.00813953,35
K392:A414:D518:Q427,7x34,0.11162791,480
3x56,3x52,0.16441860,707
12x51,1x57,0.61255814,2634
3x56,3x51,0.19465116,837
3x50,7x53,0.15465116,665
