Res1,Res2,Freq,NumFrames,,TotalFrames:,4300
7x38,7x42,0.00883721,38
5x47,6x44,0.00325581,14
5x59,5x62,0.01116279,48
7x39,2x60,0.03813953,164
5x47,6x48,0.20558140,884
3x28,2x60,0.00069767,3
3x28,2x63,0.00302326,13
3x52,34x53,0.09441860,406
3x28,23x50,0.17581395,756
7x38,2x60,0.03069767,132
4x63,4x66,0.00860465,37
7x34,7x38,0.11906977,512
8x50,8x54,0.00837209,36
2x60,2x63,0.01534884,66
7x34,45x51,0.00860465,37
1x57,2x41,0.04000000,172
8x50,7x53,0.05976744,257
7x42,2x60,0.07162791,308
6x51,7x38,0.05186047,223
4x57,3x33,0.25000000,1075
F182:F180:F225:F189,4x64,0.06837209,294
6x48,6x51,0.00023256,1
45x51,7x38,0.00302326,13
3x33,7x38,0.00790698,34
5x41,5x48,0.00116279,5
2x42,2x41,0.13139535,565
3x52,3x51,0.00837209,36
F182:F180:F225:F189,3x33,0.00162791,7
5x47,5x48,0.01069767,46
7x34,6x51,0.07255814,312
3x28,7x38,0.00255814,11
23x50,2x63,0.00232558,10
6x44,6x48,0.01581395,68
3x48,3x52,0.04279070,184
1x34,1x30,0.05395349,232
7x39,7x38,0.00093023,4
