Res1,Res2,Freq,NumFrames,,TotalFrames:,4300
5x63,5x66,0.22953488,987
5x63,5x64,0.01790698,77
3x56,5x64,0.00046512,2
R171:R169:R214:R178,E170:V168:K213:K177,0.00953488,41
8x52,8x48,0.00488372,21
5x60,5x64,0.74837209,3218
D393:P415:S519:S428,K392:A414:D518:Q427,0.31000000,1333
34x57,3x49,0.97558140,4195
8x55,8x52,0.92767442,3989
7x31,K392:A414:D518:Q427,0.01372093,59
5x66,6x32,0.00255814,11
R171:R169:R214:R178,3x26,0.98651163,4242
5x66,6x31,0.10255814,441
34x54,5x66,0.02813953,121
