Res1,Res2,Freq,NumFrames,,TotalFrames:,4300
7x38,7x42,0.04604651,198
5x47,6x44,0.01348837,58
5x59,5x62,0.00581395,25
5x41,6x60,0.00116279,5
7x39,2x60,0.00162791,7
5x47,6x48,0.04000000,172
3x28,2x60,0.00488372,21
3x28,2x63,0.00046512,2
3x52,3x51,0.12488372,537
3x28,23x50,0.01511628,65
7x38,2x60,0.02837209,122
7x34,7x38,0.00069767,3
2x60,2x63,0.00720930,31
7x34,45x51,0.00069767,3
1x57,2x41,0.00697674,30
7x39,7x42,0.00604651,26
7x42,2x60,0.00162791,7
6x51,7x38,0.01930233,83
4x57,3x33,0.04930233,212
F182:F180:F225:F189,4x64,0.07372093,317
6x48,6x51,0.03255814,140
45x51,7x38,0.00186047,8
F182:F180:F225:F189,3x33,0.00209302,9
5x47,5x48,0.21302326,916
7x34,6x51,0.03860465,166
23x50,2x63,0.00883721,38
23x50,2x60,0.00465116,20
6x44,6x48,0.01255814,54
1x34,1x30,0.00302326,13
3x52,34x53,0.00023256,1
