Res1,Res2,Freq,NumFrames,,TotalFrames:,4600
34x57,34x53,0.49195652,2263
5x63,5x62,0.32891304,1513
4x41,3x48,0.00260870,12
3x50,5x58,0.00847826,39
R171:R169:R214:R178,4x66,0.19304348,888
R171:R169:R214:R178,45x51,0.00260870,12
5x60,5x59,0.27434783,1262
4x40,2x41,0.01173913,54
5x63,5x59,0.35086957,1614
5x60,3x51,0.02739130,126
4x41,3x52,0.00956522,44
34x57,2x42,0.00586957,27
3x56,34x53,0.07391304,340
K392:A414:D518:Q427,45x51,0.01826087,84
4x41,34x53,0.00195652,9
6x31,5x62,0.02934783,135
1x58,1x57,0.01260870,58
K392:A414:D518:Q427,7x34,0.05739130,264
3x56,3x52,0.42826087,1970
12x51,1x57,0.59630435,2743
3x56,3x51,0.01021739,47
3x50,7x53,0.02847826,131
