Res1,Res2,Freq,NumFrames,,TotalFrames:,4600
7x38,7x42,0.00521739,24
5x47,6x44,0.00239130,11
5x59,5x62,0.00521739,24
5x41,6x60,0.00086957,4
7x39,2x60,0.20326087,935
5x47,6x48,0.05152174,237
3x28,2x60,0.01826087,84
3x28,2x63,0.01152174,53
3x52,34x53,0.06282609,289
3x28,23x50,0.23543478,1083
7x38,2x60,0.11500000,529
4x63,4x66,0.00347826,16
7x34,7x38,0.04586957,211
8x50,8x54,0.05130435,236
2x60,2x63,0.05173913,238
7x34,45x51,0.00021739,1
2x42,2x41,0.00021739,1
1x57,2x41,0.00065217,3
8x50,7x53,0.11826087,544
3x28,7x42,0.00021739,1
7x42,2x60,0.02065217,95
6x51,7x38,0.00913043,42
4x57,3x33,0.13630435,627
F182:F180:F225:F189,4x64,0.00500000,23
45x51,7x38,0.00108696,5
F182:F180:F225:F189,4x57,0.00195652,9
5x41,5x48,0.00217391,10
45x51,2x63,0.00021739,1
3x52,3x51,0.03391304,156
5x47,5x48,0.00152174,7
7x34,6x51,0.11108696,511
3x28,7x38,0.00065217,3
6x44,6x48,0.02608696,120
3x48,3x51,0.00086957,4
3x48,3x52,0.01565217,72
1x34,1x30,0.07021739,323
7x39,7x38,0.00065217,3
