Res1,Res2,Freq,NumFrames,,TotalFrames:,4600
5x63,5x66,0.15260870,702
5x63,5x64,0.01326087,61
R171:R169:R214:R178,E170:V168:K213:K177,0.00108696,5
8x52,8x48,0.02108696,97
5x60,5x64,0.52369565,2409
D393:P415:S519:S428,K392:A414:D518:Q427,0.29282609,1347
8x55,8x52,0.67847826,3121
7x31,K392:A414:D518:Q427,0.00782609,36
34x57,3x49,1.00000000,4600
R171:R169:R214:R178,3x26,0.93217391,4288
5x66,6x31,0.36521739,1680
34x54,5x66,0.00260870,12
