Res1,Res2,Freq,NumFrames,,TotalFrames:,4600
7x38,7x42,0.00369565,17
5x47,6x44,0.00608696,28
5x59,5x62,0.00717391,33
5x41,6x60,0.00434783,20
7x39,2x60,0.00978261,45
F182:F180:F225:F189,4x57,0.00086957,4
3x28,2x60,0.00043478,2
3x28,2x63,0.00043478,2
3x52,34x53,0.00065217,3
3x28,23x50,0.00130435,6
7x38,2x60,0.00804348,37
4x63,4x64,0.00021739,1
4x63,4x66,0.00021739,1
7x34,7x38,0.00304348,14
2x60,2x63,0.00130435,6
7x34,45x51,0.00478261,22
1x57,2x41,0.00673913,31
7x39,7x42,0.00543478,25
3x48,3x51,0.00021739,1
7x42,2x60,0.00043478,2
6x51,7x38,0.01195652,55
4x57,3x33,0.07326087,337
F182:F180:F225:F189,4x64,0.02217391,102
6x48,6x51,0.00086957,4
45x51,7x38,0.00152174,7
3x52,3x51,0.07173913,330
F182:F180:F225:F189,3x33,0.00195652,9
5x47,5x48,0.23369565,1075
7x34,6x51,0.00717391,33
23x50,2x63,0.00630435,29
6x44,6x48,0.01065217,49
3x48,3x52,0.00282609,13
1x34,1x30,0.00391304,18
