Res1,Res2,Freq,NumFrames,,TotalFrames:,27000
K392:A414:D518:Q427,F182:F180:F225:F189,0.00007407,2
12x51,6x25,0.00018519,5
34x57,34x53,0.45470370,12277
5x63,5x62,0.23900000,6453
34x57,6x25,0.01307407,353
6x35,5x58,0.00003704,1
1x58,2x41,0.00003704,1
6x31,6x25,0.00200000,54
4x41,3x48,0.00003704,1
8x51,8x54,0.00029630,8
6x32,7x53,0.00007407,2
6x32,6x25,0.00037037,10
5x68,6x25,0.05522222,1491
34x54,34x53,0.00003704,1
6x29,1x57,0.00044444,12
K392:A414:D518:Q427,45x51,0.07637037,2062
3x50,5x58,0.00518519,140
R171:R169:R214:R178,4x66,0.06300000,1701
R171:R169:R214:R178,23x50,0.00077778,21
R171:R169:R214:R178,4x64,0.00003704,1
3x50,2x42,0.00048148,13
K20:P17:H63:H24,2x60,0.00355556,96
K20:P17:H63:H24,2x63,0.02329630,629
3x56,3x48,0.00155556,42
6x32,8x50,0.00003704,1
K392:A414:D518:Q427,4x64,0.00303704,82
K439:N461:D564:N474,W437:Y459:Q562:Y472,0.12066667,3258
8x55,W437:Y459:Q562:Y472,0.01529630,413
23x49,2x63,0.00885185,239
6x32,5x62,0.00003704,1
4x40,2x41,0.00100000,27
34x57,2x41,0.00018519,5
5x63,5x59,0.40259259,10870
34x54,6x25,0.14288889,3858
34x56,3x52,0.00048148,13
34x56,6x25,0.00977778,264
34x57,3x48,0.00085185,23
23x49,45x51,0.00003704,1
5x60,3x51,0.03518519,950
K392:A414:D518:Q427,2x63,0.00014815,4
6x35,6x25,0.00011111,3
34x57,2x42,0.06785185,1832
R171:R169:R214:R178,45x51,0.00007407,2
34x54,3x52,0.00348148,94
1x58,W437:Y459:Q562:Y472,0.01507407,407
K392:A414:D518:Q427,6x60,0.00003704,1
5x60,5x59,0.27825926,7513
6x35,5x62,0.00314815,85
12x51,2x41,0.00192593,52
3x56,34x53,0.13118519,3542
R436:H458:C561:Q471,W437:Y459:Q562:Y472,0.00518519,140
8x48,W437:Y459:Q562:Y472,0.00007407,2
5x68,5x58,0.00462963,125
5x68,5x62,0.07307407,1973
4x41,34x53,0.00040741,11
8x55,8x54,0.01655556,447
5x68,5x59,0.00051852,14
4x41,3x52,0.00296296,80
34x56,34x53,0.00559259,151
6x31,5x62,0.01351852,365
3x56,6x25,0.00411111,111
1x58,1x57,0.01762963,476
6x29,7x53,0.00003704,1
K392:A414:D518:Q427,7x34,0.00596296,161
6x32,1x57,0.00066667,18
3x56,3x52,0.42581481,11497
12x51,1x57,0.20744444,5601
3x50,34x53,0.00003704,1
5x68,3x51,0.00529630,143
3x50,6x25,0.00029630,8
6x29,6x25,0.02800000,756
8x48,6x25,0.00018519,5
3x56,3x51,0.29144444,7869
34x57,3x52,0.02344444,633
