Res1,Res2,Freq,NumFrames,,TotalFrames:,27000
6x48,5x48,0.00118519,32
5x47,6x44,0.00044444,12
3x48,2x42,0.00003704,1
2x551,3x28,0.00007407,2
5x59,5x62,0.03233333,873
7x34,2x60,0.00007407,2
5x41,6x60,0.00925926,250
7x39,2x60,0.06166667,1665
5x47,6x48,0.03933333,1062
3x28,2x60,0.00137037,37
8x50,1x57,0.00037037,10
6x44,5x48,0.00003704,1
3x52,3x51,0.01277778,345
5x58,5x62,0.03633333,981
3x28,23x50,0.19325926,5218
4x54,4x50,0.00688889,186
7x38,2x60,0.02725926,736
1x34,7x39,0.00066667,18
4x63,F182:F180:F225:F189,0.00033333,9
3x33,45x51,0.00003704,1
4x63,4x64,0.00955556,258
5x47,4x57,0.01318519,356
4x63,4x66,0.00433333,117
7x34,7x38,0.07159259,1933
8x50,8x54,0.04881481,1318
2x60,2x63,0.00737037,199
1x57,7x53,0.01162963,314
7x34,45x51,0.00218519,59
1x57,2x41,0.02848148,769
7x39,7x42,0.00011111,3
8x50,7x53,0.15470370,4177
6x44,6x48,0.25966667,7011
7x42,2x60,0.02574074,695
6x51,7x38,0.03525926,952
4x57,3x33,0.13585185,3668
F182:F180:F225:F189,4x64,0.07155556,1932
F182:F180:F225:F189,5x47,0.00388889,105
6x48,6x51,0.00007407,2
7x38,7x42,0.01774074,479
45x51,7x38,0.00096296,26
3x33,7x38,0.01359259,367
F182:F180:F225:F189,4x57,0.00874074,236
5x41,5x48,0.00233333,63
F182:F180:F225:F189,6x51,0.00040741,11
2x42,2x41,0.00203704,55
F182:F180:F225:F189,3x33,0.00114815,31
5x47,5x48,0.00185185,50
F182:F180:F225:F189,7x34,0.00359259,97
1x34,1x30,0.16485185,4451
3x28,7x38,0.00292593,79
23x50,2x63,0.00040741,11
3x28,2x63,0.00162963,44
3x48,3x51,0.00044444,12
3x48,3x52,0.08033333,2169
5x47,3x33,0.00003704,1
3x28,7x42,0.00022222,6
3x33,6x51,0.00014815,4
7x34,6x51,0.11148148,3010
7x39,7x38,0.00766667,207
3x52,34x53,0.02000000,540
