Res1,Res2,Freq,NumFrames,,TotalFrames:,27000
5x63,5x66,0.24266667,6552
5x63,5x64,0.00807407,218
8x52,8x48,0.57422222,15504
5x60,5x64,0.68359259,18457
12x49,8x48,0.05159259,1393
12x49,K439:N461:D564:N474,0.03285185,887
6x30,6x29,0.00814815,220
34x54,3x49,0.00111111,30
7x31,K392:A414:D518:Q427,0.00266667,72
3x50,3x49,0.35881481,9688
34x54,5x66,0.05425926,1465
8x51,8x52,0.26944444,7275
8x55,D438:K460:C563:R473,0.10848148,2929
8x55,8x52,0.35692593,9637
8x51,D438:K460:C563:R473,0.01662963,449
3x56,3x49,0.00781481,211
12x49,6x29,0.38233333,10323
D393:P415:S519:S428,K392:A414:D518:Q427,0.39562963,10682
34x57,6x30,0.18755556,5064
R436:H458:C561:Q471,D438:K460:C563:R473,0.27796296,7505
34x57,3x49,0.69648148,18805
12x49,1x58,0.00040741,11
7x35,K20:P17:H63:H24,0.63855556,17241
12x49,6x32,0.02522222,681
3x56,6x30,0.00014815,4
5x68,5x64,0.35622222,9618
6x30,6x32,0.00014815,4
6x30,6x31,0.00107407,29
34x54,12x49,0.00192593,52
6x35,5x66,0.11944444,3225
3x50,6x30,0.78551852,21209
5x68,6x30,0.00588889,159
D438:K460:C563:R473,K439:N461:D564:N474,0.10322222,2787
7x31,K20:P17:H63:H24,0.04507407,1217
R171:R169:R214:R178,3x26,0.99577778,26886
3x50,5x66,0.00118519,32
8x52,K439:N461:D564:N474,0.01770370,478
D438:K460:C563:R473,1x58,0.00222222,60
3x56,5x64,0.00440741,119
12x49,12x51,0.00240741,65
5x68,5x66,0.35881481,9688
E170:V168:K213:K177,K392:A414:D518:Q427,0.00003704,1
D438:K460:C563:R473,8x48,0.01359259,367
34x54,6x30,0.73474074,19838
5x66,6x32,0.00118519,32
5x66,6x31,0.11807407,3188
R436:H458:C561:Q471,8x52,0.00051852,14
