Res1,Res2,Freq,NumFrames,,TotalFrames:,27000
6x48,5x48,0.00025926,7
5x47,6x44,0.00214815,58
5x59,5x62,0.00529630,143
5x41,6x60,0.01481481,400
7x39,2x60,0.00085185,23
5x47,6x48,0.00514815,139
3x28,2x60,0.02103704,568
8x50,1x57,0.00070370,19
3x52,3x51,0.02074074,560
5x58,5x62,0.00133333,36
3x28,23x50,0.00085185,23
4x54,4x50,0.00003704,1
7x38,2x60,0.01240741,335
1x34,7x39,0.00003704,1
4x63,4x64,0.00103704,28
5x47,4x57,0.00018519,5
4x63,4x66,0.00133333,36
7x34,7x38,0.01596296,431
8x50,8x54,0.00085185,23
2x60,2x63,0.00100000,27
1x57,7x53,0.00066667,18
7x34,45x51,0.00551852,149
5x47,6x51,0.00177778,48
1x57,2x41,0.00896296,242
7x39,7x42,0.00362963,98
8x50,7x53,0.01922222,519
6x44,6x48,0.00259259,70
7x42,2x60,0.00129630,35
6x51,7x38,0.01566667,423
4x57,3x33,0.10777778,2910
F182:F180:F225:F189,4x64,0.02329630,629
F182:F180:F225:F189,5x47,0.00003704,1
6x48,6x51,0.00133333,36
7x38,7x42,0.04874074,1316
45x51,7x38,0.00044444,12
3x33,7x38,0.00003704,1
F182:F180:F225:F189,4x57,0.00585185,158
2x42,2x41,0.00003704,1
F182:F180:F225:F189,3x33,0.00003704,1
5x47,5x48,0.10125926,2734
F182:F180:F225:F189,7x34,0.00033333,9
7x34,6x51,0.01862963,503
23x50,2x63,0.01648148,445
3x28,2x63,0.00481481,130
3x48,3x51,0.00003704,1
3x48,3x52,0.00040741,11
1x34,1x30,0.00140741,38
7x39,7x38,0.00296296,80
3x52,34x53,0.00100000,27
