Res1,Res2,Freq,NumFrames,,TotalFrames:,26600
6x31,7x53,0.00090226,24
34x57,34x53,0.54360902,14460
K20:P17:H63:H24,1x27,0.02842105,756
6x35,5x58,0.00176692,47
E170:V168:K213:K177,4x64,0.00011278,3
5x68,5x58,0.00003759,1
E170:V168:K213:K177,4x66,0.00330827,88
5x66,5x58,0.00045113,12
6x32,7x53,0.00003759,1
4x40,3x52,0.00003759,1
2x66,1x27,0.00003759,1
8x51,8x54,0.00139098,37
34x57,2x41,0.00360902,96
5x66,3x51,0.00026316,7
R171:R169:R214:R178,4x66,0.00003759,1
R171:R169:R214:R178,4x64,0.00018797,5
R171:R169:R214:R178,45x51,0.00082707,22
8x55,8x54,0.03203008,852
8x51,8x50,0.00424812,113
1x58,2x44,0.15657895,4165
12x48,2x41,0.00097744,26
6x31,5x58,0.00067669,18
34x56,3x52,0.00018797,5
1x26,1x34,0.00390977,104
5x60,3x51,0.35954887,9564
1x58,2x41,0.00375940,100
6x31,6x38,0.00097744,26
34x57,2x42,0.07345865,1954
6x35,6x38,0.09078947,2415
3x56,34x53,0.47492481,12633
6x31,8x50,0.00048872,13
34x56,34x53,0.03992481,1062
3x56,3x52,0.33357143,8873
3x56,3x51,0.00199248,53
3x50,34x53,0.00048872,13
5x68,3x51,0.00195489,52
5x68,3x52,0.00056391,15
1x26,1x27,0.02676692,712
12x48,2x44,0.00191729,51
2x66,23x49,0.47353383,12596
3x50,7x53,0.00112782,30
34x57,3x52,0.01932331,514
