Res1,Res2,Freq,NumFrames,,TotalFrames:,26600
6x38,5x58,0.41398496,11012
6x51,7x38,0.00676692,180
5x47,6x44,0.00011278,3
8x50,8x54,0.07127820,1896
5x41,6x60,0.00293233,78
2x44,2x41,0.00135338,36
7x39,2x60,0.00199248,53
F182:F180:F225:F189,4x57,0.00011278,3
3x28,2x60,0.00011278,3
3x28,2x63,0.00413534,110
3x52,34x53,0.00184211,49
3x28,23x50,0.68672932,18267
7x38,2x60,0.45691729,12154
4x63,4x66,0.00432331,115
7x34,7x38,0.01988722,529
2x60,2x63,0.02646617,704
7x39,7x42,0.00011278,3
8x50,7x53,0.05560150,1479
6x44,6x48,0.17244361,4587
7x42,2x60,0.01740602,463
45x51,7x34,0.00285714,76
4x57,3x33,0.00394737,105
F182:F180:F225:F189,4x64,0.00642857,171
7x38,7x42,0.00394737,105
5x47,6x48,0.04259398,1133
5x41,5x48,0.00022556,6
2x42,2x41,0.00669173,178
3x52,3x51,0.01981203,527
5x47,5x48,0.01597744,425
4x54,4x50,0.02947368,784
3x28,7x38,0.00439850,117
3x48,3x51,0.00026316,7
3x48,3x52,0.08270677,2200
7x34,6x51,0.08530075,2269
7x39,7x38,0.00003759,1
