Res1,Res2,Freq,NumFrames,,TotalFrames:,26600
A175:D173:P218:D182,E170:V168:K213:K177,0.02195489,584
1x31,K20:P17:H63:H24,0.00458647,122
R171:R169:R214:R178,3x26,0.99105263,26362
1x26,1x28,0.17680451,4703
1x28,K20:P17:H63:H24,0.02977444,792
1x31,2x66,0.00011278,3
1x26,1x31,0.69860902,18583
R171:R169:R214:R178,A175:D173:P218:D182,0.08932331,2376
34x57,3x49,0.98781955,26276
1x28,2x66,0.00285714,76
3x50,3x49,0.02360902,628
