Res1,Res2,Freq,NumFrames,,TotalFrames:,26600
6x38,5x58,0.06210526,1652
5x47,6x44,0.00830827,221
8x50,8x54,0.00033835,9
5x41,6x60,0.01018797,271
2x44,2x41,0.00007519,2
7x39,2x60,0.00687970,183
F182:F180:F225:F189,4x57,0.00015038,4
3x28,2x63,0.01086466,289
3x52,34x53,0.00026316,7
3x28,23x50,0.00007519,2
7x38,2x60,0.00255639,68
4x63,4x66,0.00026316,7
7x34,7x38,0.00890977,237
45x51,7x34,0.00439850,117
2x60,2x63,0.00266917,71
7x39,7x42,0.00105263,28
8x50,7x53,0.00255639,68
6x44,6x48,0.29924812,7960
7x42,2x60,0.00045113,12
6x51,7x38,0.03943609,1049
4x57,3x33,0.10390977,2764
F182:F180:F225:F189,4x64,0.01406015,374
7x38,7x42,0.00278195,74
45x51,7x38,0.00003759,1
5x47,6x48,0.00575188,153
2x42,2x41,0.00687970,183
3x52,3x51,0.02627820,699
5x47,5x48,0.21244361,5651
4x54,4x50,0.00011278,3
23x50,2x63,0.00206767,55
3x48,3x51,0.00026316,7
3x48,3x52,0.00063910,17
7x34,6x51,0.10917293,2904
