Res1,Res2,Freq,NumFrames,,TotalFrames:,26900
6x31,7x53,0.00003717,1
34x57,34x53,0.70368030,18929
K20:P17:H63:H24,1x27,0.01650558,444
6x35,5x58,0.00156134,42
E170:V168:K213:K177,4x64,0.00014870,4
5x68,5x58,0.00037175,10
E170:V168:K213:K177,4x66,0.00003717,1
5x66,5x58,0.00037175,10
8x51,8x54,0.00040892,11
2x66,1x27,0.00078067,21
6x31,5x58,0.00044610,12
R171:R169:R214:R178,4x64,0.01598513,430
R171:R169:R214:R178,45x51,0.05903346,1588
K20:P17:H63:H24,2x63,0.00475836,128
8x55,8x54,0.02029740,546
1x26,23x49,0.00219331,59
12x48,2x44,0.00115242,31
34x57,2x42,0.00275093,74
12x48,2x41,0.00044610,12
4x40,2x41,0.00048327,13
5x66,3x51,0.00163569,44
34x56,3x52,0.00014870,4
5x60,3x51,0.37881041,10190
1x58,2x41,0.00988848,266
1x58,2x44,0.08278810,2227
6x35,6x38,0.15970260,4296
K20:P17:H63:H24,23x49,0.00791822,213
3x56,34x53,0.30033457,8079
6x31,8x50,0.00048327,13
34x56,34x53,0.00405204,109
3x56,3x52,0.23985130,6452
3x56,3x51,0.00144981,39
5x68,3x51,0.00040892,11
5x66,6x38,0.00003717,1
1x26,1x27,0.22368030,6017
2x66,23x49,0.35111524,9445
34x57,3x52,0.00472119,127
