Res1,Res2,Freq,NumFrames,,TotalFrames:,26900
A175:D173:P218:D182,E170:V168:K213:K177,0.00018587,5
1x31,K20:P17:H63:H24,0.01037175,279
1x26,A175:D173:P218:D182,0.00007435,2
1x26,1x28,0.04092937,1101
A175:D173:P218:D182,K20:P17:H63:H24,0.00066914,18
1x28,K20:P17:H63:H24,0.03486989,938
1x31,2x66,0.00003717,1
1x26,1x31,0.20520446,5520
R171:R169:R214:R178,A175:D173:P218:D182,0.15918216,4282
1x28,2x66,0.00033457,9
34x57,3x49,0.98910781,26607
R171:R169:R214:R178,3x26,0.99765799,26837
3x50,3x49,0.00695167,187
7x31,K20:P17:H63:H24,0.00003717,1
