Res1,Res2,Freq,NumFrames,,TotalFrames:,26900
6x38,5x58,0.02821561,759
6x48,5x48,0.00074349,20
5x47,6x44,0.01594796,429
2x551,3x28,0.00003717,1
45x51,7x34,0.02107807,567
5x41,6x60,0.00368030,99
2x44,2x41,0.00007435,2
7x39,2x60,0.00226766,61
F182:F180:F225:F189,4x57,0.06159851,1657
1x27,23x49,0.00007435,2
3x28,2x63,0.00033457,9
3x52,34x53,0.00037175,10
3x28,23x50,0.00364312,98
7x38,2x60,0.03516729,946
7x38,2x63,0.00059480,16
23x50,7x38,0.00003717,1
6x48,3x33,0.00171004,46
4x63,4x66,0.00089219,24
7x34,7x38,0.00691450,186
8x50,8x54,0.00011152,3
2x60,2x63,0.03081784,829
7x38,7x42,0.05252788,1413
7x39,7x42,0.00052045,14
8x50,7x53,0.00144981,39
6x44,6x48,0.00256506,69
7x42,2x60,0.00282528,76
6x51,7x38,0.01486989,400
4x57,3x33,0.11007435,2961
F182:F180:F225:F189,4x64,0.01148699,309
6x48,6x51,0.01104089,297
45x51,7x38,0.00096654,26
5x47,6x48,0.02579926,694
2x42,2x41,0.00011152,3
3x52,3x51,0.02092937,563
F182:F180:F225:F189,3x33,0.00048327,13
5x47,5x48,0.18081784,4864
3x28,7x38,0.00092937,25
23x50,2x63,0.03234201,870
3x48,3x51,0.00026022,7
3x48,3x52,0.00111524,30
5x47,3x33,0.00386617,104
7x34,6x51,0.02368030,637
