Res1,Res2,Freq,NumFrames,,TotalFrames:,4400
R171:R169:R214:R178,45x51,0.00113636,5
1x58,1x57,0.01500000,66
8x55,8x54,0.00068182,3
5x63,5x62,0.41977273,1847
5x60,5x59,0.24545455,1080
3x56,3x52,0.00022727,1
12x51,1x57,0.18250000,803
E170:V168:K213:K177,4x64,0.00159091,7
E170:V168:K213:K177,4x66,0.02045455,90
3x56,34x53,0.02181818,96
5x63,5x59,0.44840909,1973
34x57,2x41,0.00136364,6
3x50,7x53,0.09500000,418
R171:R169:R214:R178,4x64,0.00204545,9
5x67,5x62,0.07409091,326
5x60,3x51,0.04977273,219
7x31,7x34,0.15613636,687
3x50,5x58,0.00090909,4
R171:R169:R214:R178,4x67,0.00136364,6
7x31,45x51,0.11727273,516
7x31,2x63,0.01545455,68
