Res1,Res2,Freq,NumFrames,,TotalFrames:,4400
6x51,7x38,0.03022727,133
5x47,6x44,0.00931818,41
8x50,8x54,0.00340909,15
4x67,4x64,0.01295455,57
4x67,4x66,0.01659091,73
5x47,6x48,0.18386364,809
3x28,2x63,0.00045455,2
3x52,34x53,0.78318182,3446
4x54,4x50,0.00204545,9
5x47,5x48,0.00772727,34
2x60,3x28,0.00227273,10
4x63,4x66,0.00477273,21
4x63,4x67,0.01931818,85
7x34,7x38,0.27250000,1199
2x60,2x63,0.00795455,35
23x50,3x28,0.14863636,654
45x51,2x63,0.00022727,1
5x47,6x51,0.00022727,1
1x57,2x41,0.00522727,23
2x60,7x39,0.09977273,439
2x60,7x38,0.02136364,94
45x51,7x34,0.02295455,101
4x57,3x33,0.07000000,308
F182:F180:F225:F189,4x64,0.01681818,74
6x48,6x51,0.00204545,9
45x51,7x38,0.00136364,6
7x39,7x42,0.00022727,1
3x33,7x38,0.01113636,49
5x59,5x62,0.00181818,8
F182:F180:F225:F189,4x57,0.00022727,1
5x41,5x48,0.00090909,4
2x42,2x41,0.04613636,203
3x52,3x51,0.02113636,93
7x38,7x42,0.01840909,81
1x34,1x30,0.03068182,135
3x28,7x38,0.00295455,13
23x50,2x63,0.01659091,73
2x60,7x42,0.00454545,20
6x44,6x48,0.00931818,41
3x48,3x52,0.09363636,412
1x34,1x37,0.00318182,14
7x34,6x51,0.07000000,308
