Res1,Res2,Freq,NumFrames,,TotalFrames:,4400
5x64,5x63,0.00068182,3
5x60,5x64,0.89090909,3920
5x36,E170:V168:K213:K177,0.06431818,283
6x30,5x67,1.00000000,4400
Q177:E175:E220:Q184,7x31,0.75227273,3310
5x66,6x29,1.00000000,4400
34x57,3x49,0.58386364,2569
R171:R169:R214:R178,3x26,0.68136364,2998
23x49,Q177:E175:E220:Q184,0.03568182,157
