Res1,Res2,Freq,NumFrames,,TotalFrames:,4400
5x47,6x44,0.01113636,49
45x51,7x34,0.01818182,80
4x67,4x64,0.00386364,17
4x67,4x66,0.04181818,184
5x41,6x60,0.03863636,170
F182:F180:F225:F189,4x57,0.00090909,4
3x28,2x63,0.00068182,3
3x52,34x53,0.00250000,11
4x63,4x66,0.00022727,1
7x34,7x38,0.00590909,26
2x60,2x63,0.00159091,7
23x50,3x28,0.00090909,4
45x51,2x63,0.00022727,1
1x57,2x41,0.00295455,13
2x60,7x39,0.00113636,5
2x60,7x38,0.00681818,30
6x51,7x38,0.01704545,75
4x57,3x33,0.13727273,604
F182:F180:F225:F189,4x64,0.01204545,53
6x48,6x51,0.02704545,119
5x47,5x48,0.15068182,663
45x51,7x38,0.00204545,9
5x59,5x62,0.00159091,7
2x42,2x41,0.13795455,607
3x52,3x51,0.01431818,63
7x38,7x42,0.05386364,237
7x39,7x42,0.00181818,8
23x50,2x63,0.01909091,84
2x60,7x42,0.00613636,27
6x44,6x48,0.00227273,10
3x48,3x52,0.00136364,6
7x34,6x51,0.01204545,53
1x34,1x30,0.00113636,5
