Res1,Res2,Freq,NumFrames,,TotalFrames:,4300
1x58,2x41,0.00255814,11
34x57,34x53,0.89255814,3838
1x58,2x44,0.07000000,301
3x56,3x52,0.03279070,141
3x56,3x51,0.01186047,51
5x60,5x59,0.36976744,1590
3x56,34x53,0.00395349,17
5x63,5x59,0.48558140,2088
R171:R169:R214:R178,4x64,0.00069767,3
5x60,3x51,0.29348837,1262
R171:R169:R214:R178,4x66,0.00232558,10
1x28,1x30,0.00093023,4
3x50,7x53,0.13139535,565
