Res1,Res2,Freq,NumFrames,,TotalFrames:,4300
5x47,6x44,0.00465116,20
8x50,8x54,0.00627907,27
5x41,6x60,0.00023256,1
2x44,2x41,0.00232558,10
7x39,2x60,0.00069767,3
5x47,6x48,0.02720930,117
3x52,34x53,0.05372093,231
7x38,2x60,0.35418605,1523
2x60,2x63,0.00209302,9
4x63,4x64,0.00069767,3
4x63,4x66,0.00465116,20
7x34,7x38,0.01046512,45
3x52,3x51,0.00860465,37
7x34,45x51,0.00023256,1
45x51,2x63,0.00023256,1
F182:F180:F225:F189,L183:F181:L226:L190,0.04348837,187
L183:F181:L226:L190,45x51,0.00046512,2
3x48,3x51,0.00232558,10
7x42,2x60,0.02395349,103
6x51,7x38,0.00069767,3
4x57,3x33,0.00860465,37
F182:F180:F225:F189,4x64,0.00813953,35
45x51,7x38,0.00046512,2
F182:F180:F225:F189,4x57,0.00023256,1
5x41,5x48,0.00627907,27
2x42,2x41,0.00093023,4
F182:F180:F225:F189,3x33,0.00046512,2
7x38,7x42,0.00139535,6
7x34,6x51,0.01302326,56
23x50,2x63,0.00023256,1
6x44,6x48,0.00046512,2
1x30,1x34,0.13581395,584
3x48,3x52,0.06232558,268
23x50,3x28,0.30069767,1293
