Res1,Res2,Freq,NumFrames,,TotalFrames:,4300
R171:R169:R214:R178,3x26,0.98674419,4243
6x30,6x31,0.00186047,8
34x57,3x49,0.22720930,977
1x31,1x28,0.88093023,3788
6x30,5x66,1.00000000,4300
