Res1,Res2,Freq,NumFrames,,TotalFrames:,4300
5x47,6x44,0.00046512,2
7x39,2x60,0.01581395,68
F182:F180:F225:F189,4x57,0.00069767,3
3x28,2x63,0.00023256,1
2x60,2x63,0.00023256,1
7x38,2x60,0.00604651,26
4x63,4x64,0.01348837,58
4x63,4x66,0.00023256,1
7x34,7x38,0.00488372,21
3x52,3x51,0.03720930,160
7x34,45x51,0.00023256,1
F182:F180:F225:F189,L183:F181:L226:L190,0.01139535,49
7x39,7x42,0.00465116,20
1x30,1x34,0.00046512,2
6x51,7x38,0.01186047,51
4x57,3x33,0.20348837,875
F182:F180:F225:F189,4x64,0.01000000,43
7x38,7x42,0.00069767,3
L183:F181:L226:L190,7x34,0.00023256,1
45x51,7x38,0.00023256,1
5x47,5x48,0.20186047,868
23x50,2x63,0.00302326,13
6x44,6x48,0.00023256,1
3x48,3x52,0.01302326,56
7x34,6x51,0.00069767,3
