Res1,Res2,Freq,NumFrames,,TotalFrames:,10700
1x58,2x44,0.14672897,1570
34x57,34x53,0.80308411,8593
6x35,5x58,0.00299065,32
5x68,5x58,0.02046729,219
5x66,5x59,0.00056075,6
R171:R169:R214:R178,F182:F180:F225:F189,0.00028037,3
8x51,8x54,0.00037383,4
R171:R169:R214:R178,4x66,0.00850467,91
R171:R169:R214:R178,4x64,0.00102804,11
8x55,8x54,0.00271028,29
12x48,2x44,0.00121495,13
5x60,5x59,0.61504673,6581
12x48,2x41,0.00056075,6
12x49,2x44,0.00046729,5
5x66,3x51,0.00009346,1
5x63,5x59,0.65102804,6966
5x63,5x58,0.01429907,153
12x49,2x41,0.01523364,163
5x60,3x51,0.34112150,3650
1x58,2x41,0.01504673,161
6x32,8x50,0.00009346,1
34x57,2x42,0.00018692,2
3x56,34x53,0.06906542,739
34x56,34x53,0.00149533,16
3x56,3x52,0.24280374,2598
3x56,3x51,0.00149533,16
3x50,34x53,0.00018692,2
6x35,7x53,0.00158879,17
5x68,3x51,0.00018692,2
