Res1,Res2,Freq,NumFrames,,TotalFrames:,10700
5x47,6x44,0.00018692,2
8x50,7x53,0.23140187,2476
5x41,6x60,0.00242991,26
2x44,2x41,0.00149533,16
L183:F181:L226:L190,3x33,0.02588785,277
7x39,2x60,0.01560748,167
5x47,6x48,0.01766355,189
3x28,2x60,0.00009346,1
3x52,3x51,0.01570093,168
4x54,4x50,0.00037383,4
7x38,2x60,0.18794393,2011
5x47,5x48,0.00289720,31
4x63,4x66,0.00252336,27
7x34,7x38,0.04719626,505
8x50,8x54,0.04046729,433
2x60,2x63,0.00065421,7
2x42,2x41,0.00299065,32
F182:F180:F225:F189,L183:F181:L226:L190,0.08990654,962
7x39,7x42,0.00009346,1
L183:F181:L226:L190,45x51,0.00009346,1
6x44,6x48,0.00644860,69
7x42,2x60,0.00560748,60
6x51,7x38,0.00831776,89
4x57,3x33,0.00700935,75
F182:F180:F225:F189,4x64,0.02261682,242
45x51,7x38,0.00140187,15
5x41,5x48,0.00009346,1
45x51,2x63,0.00158879,17
F182:F180:F225:F189,3x33,0.00028037,3
7x38,7x42,0.03317757,355
L183:F181:L226:L190,4x57,0.00037383,4
7x34,6x51,0.08401869,899
1x30,1x34,0.08093458,866
3x48,3x52,0.07831776,838
23x50,3x28,0.23252336,2488
3x52,34x53,0.04000000,428
