Res1,Res2,Freq,NumFrames,,TotalFrames:,10700
6x35,6x30,0.48485981,5188
6x30,6x32,0.13523364,1447
6x30,6x31,0.00037383,4
34x57,6x30,0.18738318,2005
6x30,5x66,0.00906542,97
3x50,6x30,0.20560748,2200
5x68,6x30,0.26841121,2872
R171:R169:R214:R178,L174:E172:P217:P181,0.00009346,1
R171:R169:R214:R178,A175:D173:P218:D182,0.00710280,76
6x29,6x30,0.01971963,211
34x57,3x49,0.71280374,7627
R171:R169:R214:R178,3x26,0.99327103,10628
3x50,3x49,0.40233645,4305
