Res1,Res2,Freq,NumFrames,,TotalFrames:,10700
5x47,6x44,0.00280374,30
8x50,7x53,0.02242991,240
5x41,6x60,0.00355140,38
L183:F181:L226:L190,3x33,0.00046729,5
7x39,2x60,0.01056075,113
F182:F180:F225:F189,4x57,0.00028037,3
3x28,2x60,0.00009346,1
3x52,34x53,0.00074766,8
7x38,2x60,0.00551402,59
2x60,2x63,0.00009346,1
5x47,5x48,0.23355140,2499
4x63,4x66,0.00028037,3
7x34,7x38,0.00018692,2
8x50,8x54,0.00112150,12
3x52,3x51,0.03579439,383
7x34,45x51,0.00046729,5
F182:F180:F225:F189,L183:F181:L226:L190,0.05308411,568
7x39,7x42,0.00205607,22
1x30,1x34,0.00757009,81
7x42,2x60,0.00037383,4
6x51,7x38,0.02242991,240
4x57,3x33,0.08719626,933
F182:F180:F225:F189,4x64,0.05757009,616
45x51,7x38,0.00009346,1
L183:F181:L226:L190,4x64,0.00411215,44
F182:F180:F225:F189,3x33,0.00009346,1
7x38,7x42,0.00757009,81
L183:F181:L226:L190,4x57,0.00971963,104
23x50,2x63,0.00158879,17
6x44,6x48,0.27644860,2958
3x48,3x52,0.00028037,3
7x34,6x51,0.07971963,853
